﻿Designator,Footprint,Quantity,Value,LCSC Part #
"C1, C2",0603,2,0.1u,
D1,PinSocket_1x04_P2.54mm_Vertical,1,LED_ARGB,
D2,status_led,1,LTST-S220KGKT,
J1,barrel_jack,1,Barrel_Jack_Switch,
J2,PinSocket_1x16_P2.54mm_Vertical,1,Conn_01x16_Socket,
J3,PinSocket_1x04_P2.54mm_Horizontal,1,Conn_01x04_Socket,
J4,screw-terminal,1,Screw_Terminal_01x02,
J5,hub75,1,hub75,
"J6, J7",PinSocket_1x28_P2.54mm_Vertical,2,Conn_01x28_Socket,
J8,PinSocket_1x03_P2.54mm_Vertical,1,Conn_01x03_Socket,
J9,PinSocket_1x04_P2.54mm_Vertical,1,Conn_01x04_Socket,
"R1, R2, R3",0603,3,47,
R4,0603,1,1K,
SW1,power_switch,1,SW_SPDT,
U1,joystick,1,joystick,
"U2, U3",74HTC245,2,74AHCT245,
